"","platform","seed","delta.target","metric","eps.final","Npar","time","minESS","medianESS","Nsims","minESS.coda","Rhat.min","Rhat.max","Rhat.median","samples.per.time","time.total","model"
"1","stan.nuts",59189,0.8,"unit_e",1.14542267451238,5,0.189999999999998,2336.29668629125,3359.69135410557,5000,2364.64076992652,0.999816650875262,1.00181197881682,0.99997210187155,12296.2983489015,0.189999999999998,"mvnd"
"2","tmb.nuts",59189,0.8,"unit_e",1.05381572412588,5,6.61000000000001,1599.20483962835,5000,5000,1586.311349739,0.999800773738671,1.00138908215841,0.99987922979432,241.937192076906,6.61000000000001,"mvnd"
"3","stan.nuts",33032,0.8,"unit_e",1.14751870520216,5,0.189999999999998,2216.05907068033,3489.56336197433,5000,2293.15621313393,0.999800190453194,1.00041172971231,1.00003179331762,11663.4687930545,0.189999999999998,"mvnd"
"4","tmb.nuts",33032,0.8,"unit_e",1.08094584493977,5,6.58,1476.22495871035,5000,5000,1258.23443118605,0.99981437363734,1.00101907980842,0.999903908496878,224.350297676344,6.58,"mvnd"
"5","stan.nuts",19139,0.8,"unit_e",1.13700980482574,5,0.179999999999993,1969.74938955537,3609.09451307261,5000,2034.64633396618,0.999808801487862,1.00094190808937,1.00007613939891,10943.052164197,0.179999999999993,"mvnd"
"6","tmb.nuts",19139,0.8,"unit_e",1.07944097525644,5,6.75,1607.50534730116,5000,5000,1597.36341655665,0.999804157889339,0.999877202725839,0.999844571660782,238.148940340912,6.75,"mvnd"
