"","platform","seed","delta.target","metric","eps.final","Npar","time","minESS","medianESS","Nsims","minESS.coda","Rhat.min","Rhat.max","Rhat.median","samples.per.time","time.total","model"
"1","stan.nuts",59189,0.8,"unit_e",1.14419054800619,5,0.0800000000000054,857.070365923965,1416.96414323003,2000,905.328646669275,0.99950652815562,1.00178509734892,0.999858204834807,10713.3795740488,0.0800000000000054,"mvnd"
"2","tmb.nuts",59189,0.8,"unit_e",1.07392434489219,5,2.86,597.490957717045,2000,2000,612.098326637667,0.999499914530697,1.00000384348451,0.999559051170078,208.912922278687,2.86,"mvnd"
"3","stan.nuts",33032,0.8,"unit_e",1.13302884479974,5,0.0799999999999983,966.780606373347,1498.66287698256,2000,980.671276962124,0.999510625829793,1.00106614094826,0.999784283236971,12084.7575796671,0.0799999999999983,"mvnd"
"4","tmb.nuts",33032,0.8,"unit_e",1.04783530202956,5,2.77,667.77709014677,2000,2000,624.915518781031,0.999553623989126,1.00317758287448,0.999675298293455,241.074761785838,2.77,"mvnd"
"5","stan.nuts",19139,0.8,"unit_e",1.11143929043878,5,0.0799999999999983,1005.83789625739,1523.45197948488,2000,1050.83860680415,0.999532067201685,1.00082800774315,0.999972262170958,12572.9737032177,0.0799999999999983,"mvnd"
"6","tmb.nuts",19139,0.8,"unit_e",1.06124629451187,5,2.74,553.833208064186,2000,2000,574.243802918331,0.999514239246457,0.999915973783938,0.999548484173488,202.128908052623,2.74,"mvnd"
