"","model","version","time","ESS","efficiency"
"elapsed","swallows","MLE",5.17,NA,NA
"1","swallows","Full Bayesian",1563.543,310.742517992234,0.198742546890129
"11","swallows","Laplace",17270.64,322.015290371631,0.0186452436256925
"elapsed1","wildflower","MLE",2.55,NA,NA
"12","wildflower","Full Bayesian",773.64,282.999195400707,0.365802175948383
"13","wildflower","Laplace",11830.28,517.678138775549,0.0437587393346184
